{
	"parent": "block/block",
	"textures": {
		"corner_up_down": "block/dark_oak_log_top",
		"corner_side": "block/dark_oak_log",
		"saw": "block/stonecutter_saw",
		"particle": "#base"
	},
	"elements": [
		{
			"name": "planksWup",
			"from": [0, 6, 3],
			"to": [3, 9, 13],
			"faces": {
				"west": {"uv": [3, 7, 13, 10], "texture": "#base", "cullface": "west"},
				"up": {"uv": [0, 3, 3, 13], "texture": "#base"}
			}
		},
		{
			"name": "planksWdown",
			"from": [0, 0, 3],
			"to": [3, 4, 13],
			"faces": {
				"west": {"uv": [3, 12, 13, 16], "texture": "#base", "cullface": "west"},
				"down": {"uv": [0, 13, 3, 3], "texture": "#base", "cullface": "down"}
			}
		},
		{
			"name": "planksEup",
			"from": [13, 6, 3],
			"to": [16, 9, 13],
			"faces": {
				"east": {"uv": [3, 7, 13, 10], "texture": "#base", "cullface": "east"},
				"up": {"uv": [13, 3, 16, 13], "texture": "#base"}
			}
		},
		{
			"name": "planksEdown",
			"from": [13, 0, 3],
			"to": [16, 4, 13],
			"faces": {
				"east": {"uv": [3, 12, 13, 16], "texture": "#base", "cullface": "east"},
				"down": {"uv": [13, 13, 16, 3], "texture": "#base", "cullface": "down"}
			}
		},
		{
			"name": "planksTop",
			"from": [3, 6, 0],
			"to": [13, 9, 16],
			"faces": {
				"north": {"uv": [3, 7, 13, 10], "texture": "#base", "cullface": "north"},
				"south": {"uv": [3, 7, 13, 10], "texture": "#base", "cullface": "south"},
				"up": {"uv": [3, 0, 13, 16], "texture": "#base"}
			}
		},
		{
			"name": "planksBottom",
			"from": [3, 0, 0],
			"to": [13, 4, 16],
			"faces": {
				"north": {"uv": [3, 12, 13, 16], "texture": "#base", "cullface": "north"},
				"south": {"uv": [3, 12, 13, 16], "texture": "#base", "cullface": "south"},
				"down": {"uv": [3, 16, 13, 0], "texture": "#base", "cullface": "down"}
			}
		},
		{
			"name": "saw",
			"from": [1, 9, 8],
			"to": [15, 16, 8],
			"faces": {
				"north": {"uv": [1, 9, 15, 16], "texture": "#saw", "tintindex": 0},
				"south": {"uv": [15, 9, 1, 16], "texture": "#saw", "tintindex": 0}
			}
		},
		{
			"name": "corner-1",
			"from": [13, 0, 0],
			"to": [16, 9, 3],
			"faces": {
				"north": {"uv": [0, 7, 3, 16], "texture": "#corner_side", "cullface": "north"},
				"east": {"uv": [0, 7, 3, 16], "texture": "#corner_side", "cullface": "east"},
				"up": {"uv": [13, 0, 16, 3], "texture": "#corner_up_down"},
				"down": {"uv": [13, 13, 16, 16], "texture": "#corner_up_down", "cullface": "down"}
			}
		},
		{
			"name": "corner-2",
			"from": [13, 0, 13],
			"to": [16, 9, 16],
			"faces": {
				"east": {"uv": [0, 7, 3, 16], "texture": "#corner_side", "cullface": "east"},
				"south": {"uv": [0, 7, 3, 16], "texture": "#corner_side", "cullface": "south"},
				"up": {"uv": [13, 13, 16, 16], "texture": "#corner_up_down"},
				"down": {"uv": [13, 0, 16, 3], "texture": "#corner_up_down", "cullface": "down"}
			}
		},
		{
			"name": "corner-3",
			"from": [0, 0, 0],
			"to": [3, 9, 3],
			"faces": {
				"north": {"uv": [0, 7, 3, 16], "texture": "#corner_side", "cullface": "north"},
				"west": {"uv": [0, 7, 3, 16], "texture": "#corner_side", "cullface": "west"},
				"up": {"uv": [0, 0, 3, 3], "texture": "#corner_up_down"},
				"down": {"uv": [0, 13, 3, 16], "texture": "#corner_up_down", "cullface": "down"}
			}
		},
		{
			"name": "corner-4",
			"from": [0, 0, 13],
			"to": [3, 9, 16],
			"faces": {
				"south": {"uv": [0, 7, 3, 16], "texture": "#corner_side", "cullface": "south"},
				"west": {"uv": [0, 7, 3, 16], "texture": "#corner_side", "cullface": "west"},
				"up": {"uv": [0, 13, 3, 16], "texture": "#corner_up_down"},
				"down": {"uv": [0, 0, 3, 3], "texture": "#corner_up_down", "cullface": "down"}
			}
		},
		{
			"name": "sliceNS",
			"from": [3, 4, 0],
			"to": [13, 6, 16],
			"faces": {
				"north": {"uv": [0, 3, 2, 13], "rotation": 90, "texture": "#corner_side", "cullface": "north"},
				"south": {"uv": [0, 3, 2, 13], "rotation": 90, "texture": "#corner_side", "cullface": "south"}
			}
		},
		{
			"name": "sliceWE",
			"from": [0, 4, 3],
			"to": [16, 6, 13],
			"faces": {
				"east": {"uv": [0, 3, 2, 13], "rotation": 90, "texture": "#corner_side", "cullface": "east"},
				"west": {"uv": [0, 3, 2, 13], "rotation": 90, "texture": "#corner_side", "cullface": "west"}
			}
		}
	]
}